"","X","Y","month","day","FFMC","DMC","DC","ISI","temp","RH","wind","rain","area","Season","Season_n","log_area","rain_binary","human","camp","size"
"1","7","5","3","5",86.2,26.2,94.3,5.1,8.2,51,6.7,0,0,"spring",1,0,0,0,0,"small"
"2","7","4","10","2",90.6,35.4,669.1,6.7,18,33,0.9,0,0,"fall",3,0,0,0,0,"small"
"3","7","4","10","6",90.6,43.7,686.9,6.7,14.6,33,1.3,0,0,"fall",3,0,0,0,0,"small"
"4","8","6","3","5",91.7,33.3,77.5,9,8.3,97,4,0.2,0,"spring",1,0,1,0,0,"small"
"5","8","6","3","7",89.3,51.3,102.2,9.6,11.4,99,1.8,0,0,"spring",1,0,0,0,0,"small"
"6","8","6","8","7",92.3,85.3,488,14.7,22.2,29,5.4,0,0,"summer",2,0,0,1,0,"small"
"7","8","6","8","1",92.3,88.9,495.6,8.5,24.1,27,3.1,0,0,"summer",2,0,0,1,0,"small"
"8","8","6","8","1",91.5,145.4,608.2,10.7,8,86,2.2,0,0,"summer",2,0,0,1,0,"small"
"9","8","6","9","2",91,129.5,692.6,7,13.1,63,5.4,0,0,"fall",3,0,0,1,0,"small"
"10","7","5","9","6",92.5,88,698.6,7.1,22.8,40,4,0,0,"fall",3,0,0,1,0,"small"
"11","7","5","9","6",92.5,88,698.6,7.1,17.8,51,7.2,0,0,"fall",3,0,0,1,0,"small"
"12","7","5","9","6",92.8,73.2,713,22.6,19.3,38,4,0,0,"fall",3,0,0,1,0,"small"
"13","6","5","8","5",63.5,70.8,665.3,0.8,17,72,6.7,0,0,"summer",2,0,0,1,0,"small"
"14","6","5","9","1",90.9,126.5,686.5,7,21.3,42,2.2,0,0,"fall",3,0,0,1,0,"small"
"15","6","5","9","3",92.9,133.3,699.6,9.2,26.4,21,4.5,0,0,"fall",3,0,0,1,0,"small"
"16","6","5","9","5",93.3,141.2,713.9,13.9,22.9,44,5.4,0,0,"fall",3,0,0,1,0,"small"
"17","5","5","3","6",91.7,35.8,80.8,7.8,15.1,27,5.4,0,0,"spring",1,0,0,0,0,"small"
"18","8","5","10","1",84.9,32.8,664.2,3,16.7,47,4.9,0,0,"fall",3,0,0,0,0,"small"
"19","6","4","3","3",89.2,27.9,70.8,6.3,15.9,35,4,0,0,"spring",1,0,0,0,0,"small"
"20","6","4","4","6",86.3,27.4,97.1,5.1,9.3,44,4.5,0,0,"spring",1,0,0,0,0,"small"
"21","6","4","9","2",91,129.5,692.6,7,18.3,40,2.7,0,0,"fall",3,0,0,1,0,"small"
"22","5","4","9","1",91.8,78.5,724.3,9.2,19.1,38,2.7,0,0,"fall",3,0,0,1,0,"small"
"23","7","4","6","7",94.3,96.3,200,56.1,21,44,4.5,0,0,"summer",2,0,0,0,0,"small"
"24","7","4","8","6",90.2,110.9,537.4,6.2,19.5,43,5.8,0,0,"summer",2,0,0,1,0,"small"
"25","7","4","8","6",93.5,139.4,594.2,20.3,23.7,32,5.8,0,0,"summer",2,0,0,1,0,"small"
"26","7","4","8","7",91.4,142.4,601.4,10.6,16.3,60,5.4,0,0,"summer",2,0,0,1,0,"small"
"27","7","4","9","5",92.4,117.9,668,12.2,19,34,5.8,0,0,"fall",3,0,0,1,0,"small"
"28","7","4","9","1",90.9,126.5,686.5,7,19.4,48,1.3,0,0,"fall",3,0,0,1,0,"small"
"29","6","3","9","6",93.4,145.4,721.4,8.1,30.2,24,2.7,0,0,"fall",3,0,0,1,0,"small"
"30","6","3","9","7",93.5,149.3,728.6,8.1,22.8,39,3.6,0,0,"fall",3,0,0,1,0,"small"
"31","6","3","9","5",94.3,85.1,692.3,15.9,25.4,24,3.6,0,0,"fall",3,0,0,1,0,"small"
"32","6","3","9","1",88.6,91.8,709.9,7.1,11.2,78,7.6,0,0,"fall",3,0,0,1,0,"small"
"33","6","3","9","5",88.6,69.7,706.8,5.8,20.6,37,1.8,0,0,"fall",3,0,0,1,0,"small"
"34","6","3","9","7",91.7,75.6,718.3,7.8,17.7,39,3.6,0,0,"fall",3,0,0,1,0,"small"
"35","6","3","9","1",91.8,78.5,724.3,9.2,21.2,32,2.7,0,0,"fall",3,0,0,1,0,"small"
"36","6","3","9","2",90.3,80.7,730.2,6.3,18.2,62,4.5,0,0,"fall",3,0,0,1,0,"small"
"37","6","3","10","2",90.6,35.4,669.1,6.7,21.7,24,4.5,0,0,"fall",3,0,0,0,0,"small"
"38","7","4","10","5",90,41.5,682.6,8.7,11.3,60,5.4,0,0,"fall",3,0,0,0,0,"small"
"39","7","3","10","6",90.6,43.7,686.9,6.7,17.8,27,4,0,0,"fall",3,0,0,0,0,"small"
"40","4","4","3","2",88.1,25.7,67.6,3.8,14.1,43,2.7,0,0,"spring",1,0,0,0,0,"small"
"41","4","4","7","2",79.5,60.6,366.7,1.5,23.3,37,3.1,0,0,"summer",2,0,0,1,0,"small"
"42","4","4","8","6",90.2,96.9,624.2,8.9,18.4,42,6.7,0,0,"summer",2,0,0,1,0,"small"
"43","4","4","8","2",94.8,108.3,647.1,17,16.6,54,5.4,0,0,"summer",2,0,0,1,0,"small"
"44","4","4","9","6",92.5,88,698.6,7.1,19.6,48,2.7,0,0,"fall",3,0,0,1,0,"small"
"45","4","4","9","3",90.1,82.9,735.7,6.2,12.9,74,4.9,0,0,"fall",3,0,0,1,0,"small"
"46","5","6","9","3",94.3,85.1,692.3,15.9,25.9,24,4,0,0,"fall",3,0,0,1,1,"small"
"47","5","6","9","1",90.9,126.5,686.5,7,14.7,70,3.6,0,0,"fall",3,0,0,1,1,"small"
"48","6","6","7","1",94.2,62.3,442.9,11,23,36,3.1,0,0,"summer",2,0,0,1,0,"small"
"49","4","4","3","1",87.2,23.9,64.7,4.1,11.8,35,1.8,0,0,"spring",1,0,0,0,0,"small"
"50","4","4","3","1",87.6,52.2,103.8,5,11,46,5.8,0,0,"spring",1,0,0,0,0,"small"
"51","4","4","9","4",92.9,137,706.4,9.2,20.8,17,1.3,0,0,"fall",3,0,0,1,0,"small"
"52","4","3","8","7",90.2,99.6,631.2,6.3,21.5,34,2.2,0,0,"summer",2,0,0,1,0,"small"
"53","4","3","8","3",92.1,111.2,654.1,9.6,20.4,42,4.9,0,0,"summer",2,0,0,1,0,"small"
"54","4","3","8","3",92.1,111.2,654.1,9.6,20.4,42,4.9,0,0,"summer",2,0,0,1,0,"small"
"55","4","3","8","4",91.7,114.3,661.3,6.3,17.6,45,3.6,0,0,"summer",2,0,0,1,0,"small"
"56","4","3","9","4",92.9,137,706.4,9.2,27.7,24,2.2,0,0,"fall",3,0,0,1,0,"small"
"57","4","3","9","2",90.3,80.7,730.2,6.3,17.8,63,4.9,0,0,"fall",3,0,0,1,0,"small"
"58","4","3","10","7",92.6,46.5,691.8,8.8,13.8,50,2.7,0,0,"fall",3,0,0,0,0,"small"
"59","2","2","2","1",84,9.3,34,2.1,13.9,40,5.4,0,0,"winter",4,0,0,0,0,"small"
"60","2","2","2","5",86.6,13.2,43,5.3,12.3,51,0.9,0,0,"winter",4,0,0,0,0,"small"
"61","2","2","3","7",89.3,51.3,102.2,9.6,11.5,39,5.8,0,0,"spring",1,0,0,0,0,"small"
"62","2","2","3","7",89.3,51.3,102.2,9.6,5.5,59,6.3,0,0,"spring",1,0,0,0,0,"small"
"63","2","2","8","4",93,75.3,466.6,7.7,18.8,35,4.9,0,0,"summer",2,0,0,1,0,"small"
"64","2","2","8","7",90.2,99.6,631.2,6.3,20.8,33,2.7,0,0,"summer",2,0,0,1,0,"small"
"65","2","2","8","1",91.1,103.2,638.8,5.8,23.1,31,3.1,0,0,"summer",2,0,0,1,0,"small"
"66","2","2","8","4",91.7,114.3,661.3,6.3,18.6,44,4.5,0,0,"summer",2,0,0,1,0,"small"
"67","2","2","9","5",92.4,117.9,668,12.2,23,37,4.5,0,0,"fall",3,0,0,1,0,"small"
"68","2","2","9","5",92.4,117.9,668,12.2,19.6,33,5.4,0,0,"fall",3,0,0,1,0,"small"
"69","2","2","9","5",92.4,117.9,668,12.2,19.6,33,6.3,0,0,"fall",3,0,0,1,0,"small"
"70","4","5","3","5",91.7,33.3,77.5,9,17.2,26,4.5,0,0,"spring",1,0,0,0,0,"small"
"71","4","5","3","5",91.2,48.3,97.8,12.5,15.8,27,7.6,0,0,"spring",1,0,0,0,0,"small"
"72","4","5","9","5",94.3,85.1,692.3,15.9,17.7,37,3.6,0,0,"fall",3,0,0,1,0,"small"
"73","5","4","3","5",91.7,33.3,77.5,9,15.6,25,6.3,0,0,"spring",1,0,0,0,0,"small"
"74","5","4","8","2",88.8,147.3,614.5,9,17.3,43,4.5,0,0,"summer",2,0,0,1,0,"small"
"75","5","4","9","5",93.3,141.2,713.9,13.9,27.6,30,1.3,0,0,"fall",3,0,0,1,0,"small"
"76","9","9","2","4",84.2,6.8,26.6,7.7,6.7,79,3.1,0,0,"winter",4,0,0,0,0,"small"
"77","9","9","2","5",86.6,13.2,43,5.3,15.7,43,3.1,0,0,"winter",4,0,0,0,0,"small"
"78","1","3","3","1",87.6,52.2,103.8,5,8.3,72,3.1,0,0,"spring",1,0,0,0,0,"small"
"79","1","2","8","5",90.1,108,529.8,12.5,14.7,66,2.7,0,0,"summer",2,0,0,1,0,"small"
"80","1","2","8","2",91,121.2,561.6,7,21.6,19,6.7,0,0,"summer",2,0,0,1,0,"small"
"81","1","2","8","7",91.4,142.4,601.4,10.6,19.5,39,6.3,0,0,"summer",2,0,0,1,0,"small"
"82","1","2","8","7",90.2,99.6,631.2,6.3,17.9,44,2.2,0,0,"summer",2,0,0,1,0,"small"
"83","1","2","8","2",94.8,108.3,647.1,17,18.6,51,4.5,0,0,"summer",2,0,0,1,0,"small"
"84","1","2","8","3",92.1,111.2,654.1,9.6,16.6,47,0.9,0,0,"summer",2,0,0,1,0,"small"
"85","1","2","8","4",91.7,114.3,661.3,6.3,20.2,45,3.6,0,0,"summer",2,0,0,1,0,"small"
"86","1","2","9","4",92.9,137,706.4,9.2,21.5,15,0.9,0,0,"fall",3,0,0,1,0,"small"
"87","1","2","9","4",92.9,137,706.4,9.2,25.4,27,2.2,0,0,"fall",3,0,0,1,0,"small"
"88","1","2","9","4",92.9,137,706.4,9.2,22.4,34,2.2,0,0,"fall",3,0,0,1,0,"small"
"89","1","2","9","7",93.5,149.3,728.6,8.1,25.3,36,3.6,0,0,"fall",3,0,0,1,0,"small"
"90","6","5","3","6",91.7,35.8,80.8,7.8,17.4,25,4.9,0,0,"spring",1,0,0,0,0,"small"
"91","6","5","8","6",90.2,96.9,624.2,8.9,14.7,59,5.8,0,0,"summer",2,0,0,1,0,"small"
"92","8","6","3","5",91.7,35.8,80.8,7.8,17.4,24,5.4,0,0,"spring",1,0,0,0,0,"small"
"93","8","6","8","7",92.3,85.3,488,14.7,20.8,32,6.3,0,0,"summer",2,0,0,1,0,"small"
"94","8","6","8","7",91.4,142.4,601.4,10.6,18.2,43,4.9,0,0,"summer",2,0,0,1,0,"small"
"95","8","6","8","1",91.1,103.2,638.8,5.8,23.4,22,2.7,0,0,"summer",2,0,0,1,0,"small"
"96","4","4","9","7",89.7,90,704.4,4.8,17.8,64,1.3,0,0,"fall",3,0,0,1,0,"small"
"97","3","4","2","6",83.9,8,30.2,2.6,12.7,48,1.8,0,0,"winter",4,0,0,0,0,"small"
"98","3","4","3","6",69,2.4,15.5,0.7,17.4,24,5.4,0,0,"spring",1,0,0,0,0,"small"
"99","3","4","8","7",91.4,142.4,601.4,10.6,11.6,87,4.5,0,0,"summer",2,0,0,1,0,"small"
"100","3","4","8","7",91.4,142.4,601.4,10.6,19.8,39,5.4,0,0,"summer",2,0,0,1,0,"small"
"101","3","4","8","7",91.4,142.4,601.4,10.6,19.8,39,5.4,0,0,"summer",2,0,0,1,0,"small"
"102","3","4","8","2",88.8,147.3,614.5,9,14.4,66,5.4,0,0,"summer",2,0,0,1,0,"small"
"103","2","4","8","2",94.8,108.3,647.1,17,20.1,40,4,0,0,"summer",2,0,0,1,0,"small"
"104","2","4","9","6",92.5,121.1,674.4,8.6,24.1,29,4.5,0,0,"fall",3,0,0,1,0,"small"
"105","2","4","1","6",82.1,3.7,9.3,2.9,5.3,78,3.1,0,0,"winter",4,0,0,0,0,"small"
"106","4","5","3","5",85.9,19.5,57.3,2.8,12.7,52,6.3,0,0,"spring",1,0,0,0,0,"small"
"107","4","5","3","4",91.4,30.7,74.3,7.5,18.2,29,3.1,0,0,"spring",1,0,0,0,0,"small"
"108","4","5","8","7",90.2,99.6,631.2,6.3,21.4,33,3.1,0,0,"summer",2,0,0,1,0,"small"
"109","4","5","9","6",92.5,88,698.6,7.1,20.3,45,3.1,0,0,"fall",3,0,0,1,0,"small"
"110","4","5","9","1",88.6,91.8,709.9,7.1,17.4,56,5.4,0,0,"fall",3,0,0,1,0,"small"
"111","4","4","3","5",85.9,19.5,57.3,2.8,13.7,43,5.8,0,0,"spring",1,0,0,0,0,"small"
"112","3","4","3","5",91.7,33.3,77.5,9,18.8,18,4.5,0,0,"spring",1,0,0,0,0,"small"
"113","3","4","9","7",89.7,90,704.4,4.8,22.8,39,3.6,0,0,"fall",3,0,0,1,0,"small"
"114","3","4","9","1",91.8,78.5,724.3,9.2,18.9,35,2.7,0,0,"fall",3,0,0,1,0,"small"
"115","3","4","3","2",88.1,25.7,67.6,3.8,15.8,27,7.6,0,0,"spring",1,0,0,0,0,"small"
"116","3","5","3","2",88.1,25.7,67.6,3.8,15.5,27,6.3,0,0,"spring",1,0,0,0,0,"small"
"117","3","4","3","6",91.7,35.8,80.8,7.8,11.6,30,6.3,0,0,"spring",1,0,0,0,0,"small"
"118","3","4","3","6",91.7,35.8,80.8,7.8,15.2,27,4.9,0,0,"spring",1,0,0,0,0,"small"
"119","3","4","3","1",90.1,39.7,86.6,6.2,10.6,30,4,0,0,"spring",1,0,0,0,0,"small"
"120","3","4","8","4",93,75.3,466.6,7.7,19.6,36,3.1,0,0,"summer",2,0,0,1,0,"small"
"121","3","4","8","1",91.5,145.4,608.2,10.7,10.3,74,2.2,0,0,"summer",2,0,0,1,0,"small"
"122","3","4","8","1",91.5,145.4,608.2,10.7,17.1,43,5.4,0,0,"summer",2,0,0,1,0,"small"
"123","3","4","9","7",92.4,124.1,680.7,8.5,22.5,42,5.4,0,0,"fall",3,0,0,1,0,"small"
"124","3","4","9","2",84.4,73.4,671.9,3.2,17.9,45,3.1,0,0,"fall",3,0,0,1,0,"small"
"125","3","4","9","5",94.3,85.1,692.3,15.9,19.8,50,5.4,0,0,"fall",3,0,0,1,0,"small"
"126","3","4","10","7",92.6,46.5,691.8,8.8,20.6,24,5.4,0,0,"fall",3,0,0,0,0,"small"
"127","3","5","3","1",87.6,52.2,103.8,5,9,49,2.2,0,0,"spring",1,0,0,0,0,"small"
"128","3","5","9","5",93.5,149.3,728.6,8.1,17.2,43,3.1,0,0,"fall",3,0,0,1,0,"small"
"129","3","5","10","3",91.4,37.9,673.8,5.2,15.9,46,3.6,0,0,"fall",3,0,0,0,0,"small"
"130","2","5","10","7",92.6,46.5,691.8,8.8,15.4,35,0.9,0,0,"fall",3,0,0,0,0,"small"
"131","4","6","2","6",68.2,21.5,87.2,0.8,15.4,40,2.7,0,0,"winter",4,0,0,0,0,"small"
"132","4","6","3","1",87.2,23.9,64.7,4.1,14,39,3.1,0,0,"spring",1,0,0,0,0,"small"
"133","4","6","3","7",89.3,51.3,102.2,9.6,10.6,46,4.9,0,0,"spring",1,0,0,0,0,"small"
"134","4","6","9","4",93.7,80.9,685.2,17.9,17.6,42,3.1,0,0,"fall",3,0,0,1,0,"small"
"135","3","5","3","2",88.1,25.7,67.6,3.8,14.9,38,2.7,0,0,"spring",1,0,0,0,0,"small"
"136","3","5","8","6",93.5,139.4,594.2,20.3,17.6,52,5.8,0,0,"summer",2,0,0,1,0,"small"
"137","3","6","9","7",92.4,124.1,680.7,8.5,17.2,58,1.3,0,0,"fall",3,0,0,1,0,"small"
"138","3","6","9","1",90.9,126.5,686.5,7,15.6,66,3.1,0,0,"fall",3,0,0,1,0,"small"
"139","9","9","7","2",85.8,48.3,313.4,3.9,18,42,2.7,0,0.36,"summer",2,0.307484699747961,0,1,0,"large"
"140","1","4","9","2",91,129.5,692.6,7,21.7,38,2.2,0,0.43,"fall",3,0.357674444271816,0,1,0,"large"
"141","2","5","9","1",90.9,126.5,686.5,7,21.9,39,1.8,0,0.47,"fall",3,0.385262400790645,0,1,0,"large"
"142","1","2","8","3",95.5,99.9,513.3,13.2,23.3,31,4.5,0,0.55,"summer",2,0.438254930931155,0,1,0,"large"
"143","8","6","8","5",90.1,108,529.8,12.5,21.2,51,8.9,0,0.61,"summer",2,0.476234178996372,0,1,0,"large"
"144","1","2","7","6",90,51.3,296.3,8.7,16.6,53,5.4,0,0.71,"summer",2,0.536493370514568,0,1,0,"large"
"145","2","5","8","3",95.5,99.9,513.3,13.2,23.8,32,5.4,0,0.77,"summer",2,0.570979546585738,0,1,0,"large"
"146","6","5","8","4",95.2,131.7,578.8,10.4,27.4,22,4,0,0.9,"summer",2,0.641853886172395,0,1,0,"large"
"147","5","4","3","1",90.1,39.7,86.6,6.2,13.2,40,5.4,0,0.95,"spring",1,0.667829372575655,0,0,0,"large"
"148","8","3","9","2",84.4,73.4,671.9,3.2,24.2,28,3.6,0,0.96,"fall",3,0.672944473242426,0,1,0,"large"
"149","2","2","8","2",94.8,108.3,647.1,17,17.4,43,6.7,0,1.07,"summer",2,0.727548607277278,0,1,0,"large"
"150","8","6","9","4",93.7,80.9,685.2,17.9,23.7,25,4.5,0,1.12,"fall",3,0.751416088683921,0,1,0,"large"
"151","6","5","6","5",92.5,56.4,433.3,7.1,23.2,39,5.4,0,1.19,"summer",2,0.783901543828409,0,0,0,"large"
"152","9","9","7","7",90.1,68.6,355.2,7.2,24.8,29,2.2,0,1.36,"summer",2,0.858661619037519,0,1,0,"large"
"153","3","4","7","6",90.1,51.2,424.1,6.2,24.6,43,1.8,0,1.43,"summer",2,0.887891257352457,0,1,0,"large"
"154","5","4","9","5",94.3,85.1,692.3,15.9,20.1,47,4.9,0,1.46,"fall",3,0.900161349944271,0,1,0,"large"
"155","1","5","9","6",93.4,145.4,721.4,8.1,29.6,27,2.7,0,1.46,"fall",3,0.900161349944271,0,1,0,"large"
"156","7","4","8","7",94.8,108.3,647.1,17,16.4,47,1.3,0,1.56,"summer",2,0.940007258491471,0,1,0,"large"
"157","2","4","9","6",93.4,145.4,721.4,8.1,28.6,27,2.2,0,1.61,"fall",3,0.959350221334602,0,1,0,"large"
"158","2","2","8","3",92.1,111.2,654.1,9.6,18.4,45,3.6,0,1.63,"summer",2,0.966983846189673,0,1,0,"large"
"159","2","4","8","3",92.1,111.2,654.1,9.6,20.5,35,4,0,1.64,"summer",2,0.970778917158225,0,1,0,"large"
"160","7","4","9","5",92.4,117.9,668,12.2,19,34,5.8,0,1.69,"fall",3,0.989541193613748,0,1,0,"large"
"161","7","4","3","1",90.1,39.7,86.6,6.2,16.1,29,3.1,0,1.75,"spring",1,1.01160091167848,0,0,0,"large"
"162","6","4","8","4",95.2,131.7,578.8,10.4,20.3,41,4,0,1.9,"summer",2,1.06471073699243,0,1,0,"large"
"163","6","3","3","6",90.6,50.1,100.4,7.8,15.2,31,8.5,0,1.94,"spring",1,1.07840958135059,0,0,0,"large"
"164","8","6","9","6",92.5,121.1,674.4,8.6,17.8,56,1.8,0,1.95,"fall",3,1.08180517035173,0,1,0,"large"
"165","8","5","9","7",89.7,90,704.4,4.8,17.8,67,2.2,0,2.01,"fall",3,1.10194007876078,0,1,0,"large"
"166","6","5","3","4",84.9,18.2,55,3,5.3,70,4.5,0,2.14,"spring",1,1.14422279992016,0,0,0,"large"
"167","6","5","8","3",92.1,111.2,654.1,9.6,16.6,47,0.9,0,2.29,"summer",2,1.19088756477728,0,1,0,"large"
"168","6","5","8","3",96,127.1,570.5,16.5,23.4,33,4.5,0,2.51,"summer",2,1.25561603747777,0,1,0,"large"
"169","6","5","3","5",91.2,48.3,97.8,12.5,14.6,26,9.4,0,2.53,"spring",1,1.26129787094521,0,0,0,"large"
"170","8","6","8","4",95.2,131.7,578.8,10.4,20.7,45,2.2,0,2.55,"summer",2,1.26694760348732,0,1,0,"large"
"171","5","4","9","3",92.9,133.3,699.6,9.2,21.9,35,1.8,0,2.57,"fall",3,1.27256559579155,0,1,0,"large"
"172","8","6","8","3",85.6,90.4,609.6,6.6,17.4,50,4,0,2.69,"summer",2,1.30562645805244,0,1,0,"large"
"173","7","4","8","7",91.4,142.4,601.4,10.6,20.1,39,5.4,0,2.74,"summer",2,1.31908561142644,0,1,0,"large"
"174","4","4","9","1",90.9,126.5,686.5,7,17.7,39,2.2,0,3.07,"fall",3,1.4036429994545,0,1,0,"large"
"175","1","4","8","6",90.2,96.9,624.2,8.9,14.2,53,1.8,0,3.5,"summer",2,1.50407739677627,0,1,0,"large"
"176","1","4","8","6",90.2,96.9,624.2,8.9,20.3,39,4.9,0,4.53,"summer",2,1.71018781553424,0,1,0,"large"
"177","6","5","4","4",81.5,9.1,55.2,2.7,5.8,54,5.8,0,4.61,"spring",1,1.72455071953461,0,0,0,"large"
"178","2","5","8","7",90.2,99.6,631.2,6.3,19.2,44,2.7,0,4.69,"summer",2,1.73871024813824,0,1,0,"large"
"179","2","5","9","3",90.1,82.9,735.7,6.2,18.3,45,2.2,0,4.88,"fall",3,1.77155676191054,0,1,0,"large"
"180","8","6","8","2",88.8,147.3,614.5,9,14.4,66,5.4,0,5.23,"summer",2,1.82937633279936,0,1,0,"large"
"181","1","3","9","7",92.4,124.1,680.7,8.5,23.9,32,6.7,0,5.33,"fall",3,1.84530023615608,0,1,0,"large"
"182","8","6","10","1",84.9,32.8,664.2,3,19.1,32,4,0,5.44,"fall",3,1.86252854011626,0,0,0,"large"
"183","5","4","2","7",86.8,15.6,48.3,3.9,12.4,53,2.2,0,6.38,"winter",4,1.99877363861238,0,0,0,"large"
"184","7","4","10","1",91.7,48.5,696.1,11.1,16.8,45,4.5,0,6.83,"fall",3,2.05796251000271,0,0,0,"large"
"185","8","6","8","5",93.9,135.7,586.7,15.1,20.8,34,4.9,0,6.96,"summer",2,2.07442899985629,0,1,0,"large"
"186","2","5","9","2",91,129.5,692.6,7,17.6,46,3.1,0,7.04,"fall",3,2.08442908319087,0,1,0,"large"
"187","8","6","3","7",89.3,51.3,102.2,9.6,11.5,39,5.8,0,7.19,"spring",1,2.10291389786498,0,0,0,"large"
"188","1","5","9","1",90.9,126.5,686.5,7,21,42,2.2,0,7.3,"fall",3,2.11625551480255,0,1,0,"large"
"189","6","4","3","6",90.8,41.9,89.4,7.9,13.3,42,0.9,0,7.4,"spring",1,2.12823170584927,0,0,0,"large"
"190","7","4","3","7",90.7,44,92.4,5.5,11.5,60,4,0,8.24,"spring",1,2.22354188565359,0,0,0,"large"
"191","6","5","3","5",91.2,48.3,97.8,12.5,11.7,33,4,0,8.31,"spring",1,2.23108909128898,0,0,0,"large"
"192","2","5","8","4",95.2,131.7,578.8,10.4,24.2,28,2.7,0,8.68,"summer",2,2.27006190128849,0,1,0,"large"
"193","2","2","8","2",94.8,108.3,647.1,17,24.6,22,4.5,0,8.71,"summer",2,2.27315628230323,0,1,0,"large"
"194","4","5","9","3",92.9,133.3,699.6,9.2,24.3,25,4,0,9.41,"fall",3,2.34276688262688,0,1,0,"large"
"195","2","2","8","2",94.8,108.3,647.1,17,24.6,22,4.5,0,10.01,"summer",2,2.39880395073459,0,1,0,"large"
"196","2","5","8","5",93.9,135.7,586.7,15.1,23.5,36,5.4,0,10.02,"summer",2,2.39971180372477,0,1,0,"large"
"197","6","5","4","4",81.5,9.1,55.2,2.7,5.8,54,5.8,0,10.93,"spring",1,2.47905623610982,0,0,0,"large"
"198","4","5","9","4",92.9,137,706.4,9.2,21.5,15,0.9,0,11.06,"fall",3,2.48989419129904,0,1,0,"large"
"199","3","4","9","2",91,129.5,692.6,7,13.9,59,6.3,0,11.24,"fall",3,2.50470927708418,0,1,0,"large"
"200","2","4","9","1",63.5,70.8,665.3,0.8,22.6,38,3.6,0,11.32,"fall",3,2.51122395810537,0,1,0,"large"
"201","1","5","9","2",91,129.5,692.6,7,21.6,33,2.2,0,11.53,"fall",3,2.52812576890798,0,1,0,"large"
"202","6","5","3","7",90.1,37.6,83.7,7.2,12.4,54,3.6,0,12.1,"spring",1,2.57261223020711,0,0,0,"large"
"203","7","4","2","7",83.9,8.7,32.1,2.1,8.8,68,2.2,0,13.05,"winter",4,2.64262239577975,0,0,0,"large"
"204","8","6","10","3",91.4,37.9,673.8,5.2,20.2,37,2.7,0,13.7,"fall",3,2.68784749378469,0,0,0,"large"
"205","5","6","3","6",90.6,50.1,100.4,7.8,15.1,64,4,0,13.99,"spring",1,2.70738331211451,0,0,1,"large"
"206","4","5","9","4",92.9,137,706.4,9.2,22.1,34,1.8,0,14.57,"fall",3,2.74534598584591,0,1,0,"large"
"207","2","2","8","6",93.5,139.4,594.2,20.3,22.9,31,7.2,0,15.45,"summer",2,2.80032547721138,0,1,0,"large"
"208","7","5","9","2",91,129.5,692.6,7,20.7,37,2.2,0,17.2,"fall",3,2.90142159408275,0,1,0,"large"
"209","6","5","9","5",92.4,117.9,668,12.2,19.6,33,6.3,0,19.23,"fall",3,3.00716665117965,0,1,0,"large"
"210","8","3","9","4",93.7,80.9,685.2,17.9,23.2,26,4.9,0,23.41,"fall",3,3.19499288440487,0,1,0,"large"
"211","4","4","10","6",90.6,43.7,686.9,6.7,18.4,25,3.1,0,24.23,"fall",3,3.22803376265297,0,0,0,"large"
"212","7","4","8","6",93.5,139.4,594.2,20.3,5.1,96,5.8,0,26,"summer",2,3.29583686600433,0,1,0,"large"
"213","7","4","9","5",94.3,85.1,692.3,15.9,20.1,47,4.9,0,26.13,"fall",3,3.30064012667084,0,1,0,"large"
"214","7","3","3","1",87.6,52.2,103.8,5,11,46,5.8,0,27.35,"spring",1,3.34462703017376,0,0,0,"large"
"215","4","4","3","6",91.7,35.8,80.8,7.8,17,27,4.9,0,28.66,"spring",1,3.38979933670979,0,0,0,"large"
"216","4","4","3","6",91.7,35.8,80.8,7.8,17,27,4.9,0,28.66,"spring",1,3.38979933670979,0,0,0,"large"
"217","4","4","9","7",92.4,124.1,680.7,8.5,16.9,60,1.3,0,29.48,"fall",3,3.41707073081845,0,1,0,"large"
"218","1","3","9","1",88.6,91.8,709.9,7.1,12.4,73,6.3,0,30.32,"fall",3,3.4442568711226,0,1,0,"large"
"219","4","5","9","3",92.9,133.3,699.6,9.2,19.4,19,1.3,0,31.72,"fall",3,3.48798651173455,0,1,0,"large"
"220","6","5","3","1",90.1,39.7,86.6,6.2,15.2,27,3.1,0,31.86,"spring",1,3.49225611260912,0,0,0,"large"
"221","8","6","8","7",90.2,99.6,631.2,6.3,16.2,59,3.1,0,32.07,"summer",2,3.4986265269937,0,1,0,"large"
"222","3","4","9","5",93.3,141.2,713.9,13.9,18.6,49,3.6,0,35.88,"fall",3,3.60766939868839,0,1,0,"large"
"223","4","3","3","1",87.6,52.2,103.8,5,11,46,5.8,0,36.85,"spring",1,3.63363097988346,0,0,0,"large"
"224","2","2","7","5",88.3,150.3,309.9,6.8,13.4,79,3.6,0,37.02,"summer",2,3.63811233706028,0,1,0,"large"
"225","7","4","9","3",90.1,82.9,735.7,6.2,15.4,57,4.5,0,37.71,"fall",3,3.65609796458956,0,1,0,"large"
"226","4","4","9","7",93.5,149.3,728.6,8.1,22.9,39,4.9,0,48.55,"fall",3,3.902982260776,0,1,0,"large"
"227","7","5","10","1",91.7,48.5,696.1,11.1,16.1,44,4,0,49.37,"fall",3,3.91939575975756,0,0,0,"large"
"228","8","6","8","6",92.2,81.8,480.8,11.9,20.1,34,4.5,0,58.3,"summer",2,4.08260930600368,0,1,0,"large"
"229","4","6","9","7",93.5,149.3,728.6,8.1,28.3,26,3.1,0,64.1,"fall",3,4.17592454921452,0,1,0,"large"
"230","8","6","8","6",92.2,81.8,480.8,11.9,16.4,43,4,0,71.3,"summer",2,4.28082412916472,0,1,0,"large"
"231","4","4","9","3",92.9,133.3,699.6,9.2,26.4,21,4.5,0,88.49,"fall",3,4.49412688719477,0,1,0,"large"
"232","1","5","9","7",93.5,149.3,728.6,8.1,27.8,27,3.1,0,95.18,"fall",3,4.56622143584952,0,1,0,"large"
"233","6","4","9","2",91,129.5,692.6,7,18.7,43,2.7,0,103.39,"fall",3,4.64813388542021,0,1,0,"large"
"234","9","4","9","2",84.4,73.4,671.9,3.2,24.3,36,3.1,0,105.66,"fall",3,4.66964620517246,0,1,0,"large"
"235","4","5","9","6",92.5,121.1,674.4,8.6,17.7,25,3.1,0,154.88,"fall",3,5.04908648047051,0,1,0,"large"
"236","8","6","8","7",91.4,142.4,601.4,10.6,19.6,41,5.8,0,196.48,"summer",2,5.28563731339066,0,1,0,"large"
"237","2","2","9","6",92.5,121.1,674.4,8.6,18.2,46,1.8,0,200.94,"fall",3,5.30797062357617,0,1,0,"large"
"238","1","2","9","2",91,129.5,692.6,7,18.8,40,2.2,0,212.88,"fall",3,5.36541511008053,0,1,0,"large"
"239","6","5","9","6",92.5,121.1,674.4,8.6,25.1,27,4,0,1090.84,"fall",3,6.99561962542321,0,1,0,"large"
"240","7","5","4","7",81.9,3,7.9,3.5,13.4,75,1.8,0,0,"spring",1,0,0,0,0,"small"
"241","6","3","4","3",88,17.2,43.5,3.8,15.2,51,2.7,0,0,"spring",1,0,0,0,0,"small"
"242","4","4","4","5",83,23.3,85.3,2.3,16.7,20,3.1,0,0,"spring",1,0,0,0,0,"small"
"243","2","4","8","7",94.2,122.3,589.9,12.9,15.4,66,4,0,10.13,"summer",2,2.40964416528745,0,1,0,"large"
"244","7","4","8","7",91.8,175.1,700.7,13.8,21.9,73,7.6,1,0,"summer",2,0,1,1,0,"small"
"245","2","4","8","7",91.8,175.1,700.7,13.8,22.4,54,7.6,0,2.87,"summer",2,1.35325450704169,0,1,0,"large"
"246","3","4","8","7",91.8,175.1,700.7,13.8,26.8,38,6.3,0,0.76,"summer",2,0.56531380905006,0,1,0,"large"
"247","5","4","8","7",91.8,175.1,700.7,13.8,25.7,39,5.4,0,0.09,"summer",2,0.0861776962410524,0,1,0,"large"
"248","2","4","8","3",92.2,91.6,503.6,9.6,20.7,70,2.2,0,0.75,"summer",2,0.559615787935423,0,1,0,"large"
"249","8","6","8","3",93.1,157.3,666.7,13.5,28.7,28,2.7,0,0,"summer",2,0,0,1,0,"small"
"250","3","4","8","3",93.1,157.3,666.7,13.5,21.7,40,0.4,0,2.47,"summer",2,1.24415459395877,0,1,0,"large"
"251","8","5","8","3",93.1,157.3,666.7,13.5,26.8,25,3.1,0,0.68,"summer",2,0.518793793415168,0,1,0,"large"
"252","8","5","8","3",93.1,157.3,666.7,13.5,24,36,3.1,0,0.24,"summer",2,0.215111379616945,0,1,0,"large"
"253","6","5","8","3",93.1,157.3,666.7,13.5,22.1,37,3.6,0,0.21,"summer",2,0.19062035960865,0,1,0,"large"
"254","7","4","8","4",91.9,109.2,565.5,8,21.4,38,2.7,0,1.52,"summer",2,0.924258901523332,0,1,0,"large"
"255","6","3","8","4",91.6,138.1,621.7,6.3,18.9,41,3.1,0,10.34,"summer",2,2.42833629829961,0,1,0,"large"
"256","2","5","8","4",87.5,77,694.8,5,22.3,46,4,0,0,"summer",2,0,0,1,0,"small"
"257","8","6","8","6",94.2,117.2,581.1,11,23.9,41,2.2,0,8.02,"summer",2,2.19944433407453,0,1,0,"large"
"258","4","3","8","6",94.2,117.2,581.1,11,21.4,44,2.7,0,0.68,"summer",2,0.518793793415168,0,1,0,"large"
"259","3","4","8","6",91.8,170.9,692.3,13.7,20.6,59,0.9,0,0,"summer",2,0,0,1,0,"small"
"260","7","4","8","6",91.8,170.9,692.3,13.7,23.7,40,1.8,0,1.38,"summer",2,0.867100487683383,0,1,0,"large"
"261","2","4","8","1",93.6,97.9,542,14.4,28.3,32,4,0,8.85,"summer",2,2.287471455184,0,1,0,"large"
"262","3","4","8","5",91.6,112.4,573,8.9,11.2,84,7.6,0,3.3,"summer",2,1.45861502269952,0,1,0,"large"
"263","2","4","8","5",91.6,112.4,573,8.9,21.4,42,3.1,0,4.25,"summer",2,1.65822807660353,0,1,0,"large"
"264","6","3","8","5",91.1,141.1,629.1,7.1,19.3,39,3.6,0,1.56,"summer",2,0.940007258491471,0,1,0,"large"
"265","4","4","8","5",94.3,167.6,684.4,13,21.8,53,3.1,0,6.54,"summer",2,2.02022218201986,0,1,0,"large"
"266","4","4","8","2",93.7,102.2,550.3,14.6,22.1,54,7.6,0,0.79,"summer",2,0.582215619852664,0,1,0,"large"
"267","6","5","8","2",94.3,131.7,607.1,22.7,19.4,55,4,0,0.17,"summer",2,0.157003748809665,0,1,0,"large"
"268","2","2","8","2",92.1,152.6,658.2,14.3,23.7,24,3.1,0,0,"summer",2,0,0,1,0,"small"
"269","3","4","8","2",92.1,152.6,658.2,14.3,21,32,3.1,0,0,"summer",2,0,0,1,0,"small"
"270","4","4","8","2",92.1,152.6,658.2,14.3,19.1,53,2.7,0,4.4,"summer",2,1.68639895357023,0,1,0,"large"
"271","2","2","8","2",92.1,152.6,658.2,14.3,21.8,56,3.1,0,0.52,"summer",2,0.418710334858185,0,1,0,"large"
"272","8","6","8","2",92.1,152.6,658.2,14.3,20.1,58,4.5,0,9.27,"summer",2,2.32922702394047,0,1,0,"large"
"273","2","5","8","2",92.1,152.6,658.2,14.3,20.2,47,4,0,3.09,"summer",2,1.40854497005471,0,1,0,"large"
"274","4","6","12","7",84.4,27.2,353.5,6.8,4.8,57,8.5,0,8.98,"winter",4,2.30058309032337,0,0,0,"large"
"275","8","6","12","3",84,27.8,354.6,5.3,5.1,61,8,0,11.19,"winter",4,2.50061594349318,0,0,0,"large"
"276","4","6","12","4",84.6,26.4,352,2,5.1,61,4.9,0,5.38,"winter",4,1.8531680973567,0,0,0,"large"
"277","4","4","12","1",85.4,25.4,349.7,2.6,4.6,21,8.5,0,17.85,"winter",4,2.93651291389402,0,0,0,"large"
"278","3","4","12","1",85.4,25.4,349.7,2.6,4.6,21,8.5,0,10.73,"winter",4,2.46214966266538,0,0,0,"large"
"279","4","4","12","1",85.4,25.4,349.7,2.6,4.6,21,8.5,0,22.03,"winter",4,3.13679771383259,0,0,0,"large"
"280","4","4","12","1",85.4,25.4,349.7,2.6,4.6,21,8.5,0,9.77,"winter",4,2.3767644911683,0,0,0,"large"
"281","4","6","12","5",84.7,26.7,352.6,4.1,2.2,59,4.9,0,9.27,"winter",4,2.32922702394047,0,0,0,"large"
"282","6","5","12","2",85.4,25.4,349.7,2.6,5.1,24,8.5,0,24.77,"winter",4,3.24921102466427,0,0,0,"large"
"283","6","3","2","7",84.9,27.5,353.5,3.4,4.2,51,4,0,0,"winter",4,0,0,0,0,"small"
"284","3","4","2","3",86.9,6.6,18.7,3.2,8.8,35,3.1,0,1.1,"winter",4,0.741937344729377,0,0,0,"large"
"285","5","4","2","5",85.2,4.9,15.8,6.3,7.5,46,8,0,24.24,"winter",4,3.22843003767301,0,0,0,"large"
"286","2","5","7","7",93.9,169.7,411.8,12.3,23.4,40,6.3,0,0,"summer",2,0,0,1,0,"small"
"287","7","6","7","3",91.2,183.1,437.7,12.5,12.6,90,7.6,0.2,0,"summer",2,0,1,1,0,"small"
"288","7","4","7","6",91.6,104.2,474.9,9,22.1,49,2.7,0,0,"summer",2,0,0,1,0,"small"
"289","7","4","7","6",91.6,104.2,474.9,9,24.2,32,1.8,0,0,"summer",2,0,0,1,0,"small"
"290","7","4","7","6",91.6,104.2,474.9,9,24.3,30,1.8,0,0,"summer",2,0,0,1,0,"small"
"291","2","5","7","6",91.6,104.2,474.9,9,18.7,53,1.8,0,0,"summer",2,0,0,1,0,"small"
"292","9","4","7","6",91.6,104.2,474.9,9,25.3,39,0.9,0,8,"summer",2,2.19722457733622,0,1,0,"large"
"293","4","5","7","5",91.6,100.2,466.3,6.3,22.9,40,1.3,0,2.64,"summer",2,1.29198368164865,0,1,0,"large"
"294","7","6","7","2",93.1,180.4,430.8,11,26.9,28,5.4,0,86.45,"summer",2,4.47106720146461,0,1,0,"large"
"295","8","6","7","2",92.3,88.8,440.9,8.5,17.1,67,3.6,0,6.57,"summer",2,2.02419306744936,0,1,0,"large"
"296","7","5","6","7",93.1,180.4,430.8,11,22.2,48,1.3,0,0,"summer",2,0,0,0,0,"small"
"297","6","4","6","7",90.4,89.5,290.8,6.4,14.3,46,1.8,0,0.9,"summer",2,0.641853886172395,0,0,0,"large"
"298","8","6","6","7",90.4,89.5,290.8,6.4,15.4,45,2.2,0,0,"summer",2,0,0,0,0,"small"
"299","8","6","6","3",91.2,147.8,377.2,12.7,19.6,43,4.9,0,0,"summer",2,0,0,0,0,"small"
"300","6","5","6","6",53.4,71,233.8,0.4,10.6,90,2.7,0,0,"summer",2,0,0,0,0,"small"
"301","6","5","6","1",90.4,93.3,298.1,7.5,20.7,25,4.9,0,0,"summer",2,0,0,0,0,"small"
"302","6","5","6","1",90.4,93.3,298.1,7.5,19.1,39,5.4,0,3.52,"summer",2,1.50851199384414,0,0,0,"large"
"303","3","6","6","5",91.1,94.1,232.1,7.1,19.2,38,4.5,0,0,"summer",2,0,0,0,0,"small"
"304","3","6","6","5",91.1,94.1,232.1,7.1,19.2,38,4.5,0,0,"summer",2,0,0,0,0,"small"
"305","6","5","5","6",85.1,28,113.8,3.5,11.3,94,4.9,0,0,"spring",1,0,0,0,0,"small"
"306","1","4","9","7",89.6,84.1,714.3,5.7,19,52,2.2,0,0,"fall",3,0,0,1,0,"small"
"307","7","4","9","7",89.6,84.1,714.3,5.7,17.1,53,5.4,0,0.41,"fall",3,0.343589704390077,0,1,0,"large"
"308","3","4","9","7",89.6,84.1,714.3,5.7,23.8,35,3.6,0,5.18,"fall",3,1.8213182714696,0,1,0,"large"
"309","2","4","9","7",92.4,105.8,758.1,9.9,16,45,1.8,0,0,"fall",3,0,0,1,0,"small"
"310","2","4","9","7",92.4,105.8,758.1,9.9,24.9,27,2.2,0,0,"fall",3,0,0,1,0,"small"
"311","7","4","9","7",92.4,105.8,758.1,9.9,25.3,27,2.7,0,0,"fall",3,0,0,1,0,"small"
"312","6","3","9","7",92.4,105.8,758.1,9.9,24.8,28,1.8,0,14.29,"fall",3,2.72719901994097,0,1,0,"large"
"313","2","4","9","7",50.4,46.2,706.6,0.4,12.2,78,6.3,0,0,"fall",3,0,0,1,0,"small"
"314","6","5","9","3",92.6,115.4,777.1,8.8,24.3,27,4.9,0,0,"fall",3,0,0,1,0,"small"
"315","4","4","9","3",92.6,115.4,777.1,8.8,19.7,41,1.8,0,1.58,"fall",3,0.947789398933526,0,1,0,"large"
"316","3","4","9","3",91.2,134.7,817.5,7.2,18.5,30,2.7,0,0,"fall",3,0,0,1,0,"small"
"317","4","5","9","4",92.4,96.2,739.4,8.6,18.6,24,5.8,0,0,"fall",3,0,0,1,0,"small"
"318","4","4","9","4",92.4,96.2,739.4,8.6,19.2,24,4.9,0,3.78,"fall",3,1.56444054650336,0,1,0,"large"
"319","6","5","9","4",92.8,119,783.5,7.5,21.6,27,2.2,0,0,"fall",3,0,0,1,0,"small"
"320","5","4","9","4",92.8,119,783.5,7.5,21.6,28,6.3,0,4.41,"fall",3,1.68824909285839,0,1,0,"large"
"321","6","3","9","4",92.8,119,783.5,7.5,18.9,34,7.2,0,34.36,"fall",3,3.56558123776944,0,1,0,"large"
"322","1","4","9","4",92.8,119,783.5,7.5,16.8,28,4,0,7.21,"fall",3,2.10535292346434,0,1,0,"large"
"323","6","5","9","4",92.8,119,783.5,7.5,16.8,28,4,0,1.01,"fall",3,0.698134722070984,0,1,0,"large"
"324","3","5","9","4",90.7,136.9,822.8,6.8,12.9,39,2.7,0,2.18,"fall",3,1.15688119679209,0,1,0,"large"
"325","6","5","9","4",88.1,53.3,726.9,5.4,13.7,56,1.8,0,4.42,"fall",3,1.69009581545155,0,1,0,"large"
"326","1","4","9","6",92.2,102.3,751.5,8.4,24.2,27,3.1,0,0,"fall",3,0,0,1,0,"small"
"327","5","4","9","6",92.2,102.3,751.5,8.4,24.1,27,3.1,0,0,"fall",3,0,0,1,0,"small"
"328","6","5","9","6",92.2,102.3,751.5,8.4,21.2,32,2.2,0,0,"fall",3,0,0,1,0,"small"
"329","6","5","9","6",92.2,102.3,751.5,8.4,19.7,35,1.8,0,0,"fall",3,0,0,1,0,"small"
"330","4","3","9","6",92.2,102.3,751.5,8.4,23.5,27,4,0,3.33,"fall",3,1.4655675420144,0,1,0,"large"
"331","3","3","9","6",92.2,102.3,751.5,8.4,24.2,27,3.1,0,6.58,"fall",3,2.02551319965428,0,1,0,"large"
"332","7","4","9","6",91.2,124.4,795.3,8.5,21.5,28,4.5,0,15.64,"fall",3,2.81180943539306,0,1,0,"large"
"333","4","4","9","6",91.2,124.4,795.3,8.5,17.1,41,2.2,0,11.22,"fall",3,2.50307395374345,0,1,0,"large"
"334","1","4","9","1",92.1,87.7,721.1,9.5,18.1,54,3.1,0,2.13,"fall",3,1.14103300455206,0,1,0,"large"
"335","2","3","9","1",91.6,108.4,764,6.2,18,51,5.4,0,0,"fall",3,0,0,1,0,"small"
"336","4","3","9","1",91.6,108.4,764,6.2,9.8,86,1.8,0,0,"fall",3,0,0,1,0,"small"
"337","7","4","9","1",91.6,108.4,764,6.2,19.3,44,2.2,0,0,"fall",3,0,0,1,0,"small"
"338","6","3","9","1",91.6,108.4,764,6.2,23,34,2.2,0,56.04,"fall",3,4.04375277610604,0,1,0,"large"
"339","8","6","9","1",91.6,108.4,764,6.2,22.7,35,2.2,0,7.48,"fall",3,2.13771044980381,0,1,0,"large"
"340","2","4","9","1",91.6,108.4,764,6.2,20.4,41,1.8,0,1.47,"fall",3,0.904218150639886,0,1,0,"large"
"341","2","5","9","1",91.6,108.4,764,6.2,19.3,44,2.2,0,3.93,"fall",3,1.5953389880546,0,1,0,"large"
"342","8","6","9","1",91.9,111.7,770.3,6.5,15.7,51,2.2,0,0,"fall",3,0,0,1,0,"small"
"343","6","3","9","1",91.5,130.1,807.1,7.5,20.6,37,1.8,0,0,"fall",3,0,0,1,0,"small"
"344","8","6","9","1",91.5,130.1,807.1,7.5,15.9,51,4.5,0,2.18,"fall",3,1.15688119679209,0,1,0,"large"
"345","6","3","9","1",91.5,130.1,807.1,7.5,12.2,66,4.9,0,6.1,"fall",3,1.96009478404727,0,1,0,"large"
"346","2","2","9","1",91.5,130.1,807.1,7.5,16.8,43,3.1,0,5.83,"fall",3,1.9213246735827,0,1,0,"large"
"347","1","4","9","1",91.5,130.1,807.1,7.5,21.3,35,2.2,0,28.19,"fall",3,3.37382618486602,0,1,0,"large"
"348","5","4","9","5",92.1,99,745.3,9.6,10.1,75,3.6,0,0,"fall",3,0,0,1,0,"small"
"349","3","4","9","5",92.1,99,745.3,9.6,17.4,57,4.5,0,0,"fall",3,0,0,1,0,"small"
"350","5","4","9","5",92.1,99,745.3,9.6,12.8,64,3.6,0,1.64,"fall",3,0.970778917158225,0,1,0,"large"
"351","5","4","9","5",92.1,99,745.3,9.6,10.1,75,3.6,0,3.71,"fall",3,1.54968790802833,0,1,0,"large"
"352","4","4","9","5",92.1,99,745.3,9.6,15.4,53,6.3,0,7.31,"fall",3,2.11745960886736,0,1,0,"large"
"353","7","4","9","5",92.1,99,745.3,9.6,20.6,43,3.6,0,2.03,"fall",3,1.10856261952128,0,1,0,"large"
"354","7","4","9","5",92.1,99,745.3,9.6,19.8,47,2.7,0,1.72,"fall",3,1.00063188030791,0,1,0,"large"
"355","7","4","9","5",92.1,99,745.3,9.6,18.7,50,2.2,0,5.97,"fall",3,1.94161522477243,0,1,0,"large"
"356","4","4","9","5",92.1,99,745.3,9.6,20.8,35,4.9,0,13.06,"fall",3,2.64333388638252,0,1,0,"large"
"357","4","4","9","5",92.1,99,745.3,9.6,20.8,35,4.9,0,1.26,"fall",3,0.815364813284194,0,1,0,"large"
"358","6","3","9","5",92.5,122,789.7,10.2,15.9,55,3.6,0,0,"fall",3,0,0,1,0,"small"
"359","6","3","9","5",92.5,122,789.7,10.2,19.7,39,2.7,0,0,"fall",3,0,0,1,0,"small"
"360","1","4","9","5",92.5,122,789.7,10.2,21.1,39,2.2,0,8.12,"fall",3,2.21046980408624,0,1,0,"large"
"361","6","5","9","5",92.5,122,789.7,10.2,18.4,42,2.2,0,1.09,"fall",3,0.73716406597672,0,1,0,"large"
"362","4","3","9","5",92.5,122,789.7,10.2,17.3,45,4,0,3.94,"fall",3,1.59736533119983,0,1,0,"large"
"363","7","4","9","5",88.2,55.2,732.3,11.6,15.2,64,3.1,0,0.52,"fall",3,0.418710334858185,0,1,0,"large"
"364","4","3","9","2",91.9,111.7,770.3,6.5,15.9,53,2.2,0,2.93,"fall",3,1.36863942588117,0,1,0,"large"
"365","6","5","9","2",91.9,111.7,770.3,6.5,21.1,35,2.7,0,5.65,"fall",3,1.89461685466776,0,1,0,"large"
"366","6","5","9","2",91.9,111.7,770.3,6.5,19.6,45,3.1,0,20.03,"fall",3,3.04594998971461,0,1,0,"large"
"367","4","5","9","2",91.1,132.3,812.1,12.5,15.9,38,5.4,0,1.75,"fall",3,1.01160091167848,0,1,0,"large"
"368","4","5","9","2",91.1,132.3,812.1,12.5,16.4,27,3.6,0,0,"fall",3,0,0,1,0,"small"
"369","6","5","9","6",91.2,94.3,744.4,8.4,16.8,47,4.9,0,12.64,"fall",3,2.61300665241532,0,1,0,"large"
"370","4","5","9","7",91,276.3,825.1,7.1,13.8,77,7.6,0,0,"fall",3,0,0,1,0,"small"
"371","7","4","9","7",91,276.3,825.1,7.1,13.8,77,7.6,0,11.06,"fall",3,2.48989419129904,0,1,0,"large"
"372","3","4","7","3",91.9,133.6,520.5,8,14.2,58,4,0,0,"summer",2,0,0,1,0,"small"
"373","4","5","8","7",92,203.2,664.5,8.1,10.4,75,0.9,0,0,"summer",2,0,0,1,0,"small"
"374","5","4","8","4",94.8,222.4,698.6,13.9,20.3,42,2.7,0,0,"summer",2,0,0,1,0,"small"
"375","6","5","9","5",90.3,290,855.3,7.4,10.3,78,4,0,18.3,"fall",3,2.96010509591084,0,1,0,"large"
"376","6","5","9","6",91.2,94.3,744.4,8.4,15.4,57,4.9,0,39.35,"fall",3,3.69759139471596,0,1,0,"large"
"377","8","6","8","1",92.1,207,672.6,8.2,21.1,54,2.2,0,0,"summer",2,0,0,1,0,"small"
"378","2","2","8","6",93.7,231.1,715.1,8.4,21.9,42,2.2,0,174.63,"summer",2,5.16837950943364,0,1,0,"large"
"379","6","5","3","4",90.9,18.9,30.6,8,8.7,51,5.8,0,0,"spring",1,0,0,0,0,"small"
"380","4","5","1","7",18.7,1.1,171.4,0,5.2,100,0.9,0,0,"winter",4,0,0,0,0,"small"
"381","5","4","7","3",93.7,101.3,458.8,11.9,19.3,39,7.2,0,7.73,"summer",2,2.16676536985151,0,1,0,"large"
"382","8","6","8","4",90.7,194.1,643,6.8,16.2,63,2.7,0,16.33,"summer",2,2.85243910372751,0,1,0,"large"
"383","8","6","8","3",95.2,217.7,690,18,28.2,29,1.8,0,5.86,"summer",2,1.92570744173779,0,1,0,"large"
"384","9","6","8","4",91.6,248.4,753.8,6.3,20.5,58,2.7,0,42.87,"summer",2,3.78123071517812,0,1,0,"large"
"385","8","4","8","6",91.6,273.8,819.1,7.7,21.3,44,4.5,0,12.18,"summer",2,2.57870052907436,0,1,0,"large"
"386","2","4","8","7",91.6,181.3,613,7.6,20.9,50,2.2,0,16,"summer",2,2.83321334405622,0,1,0,"large"
"387","3","4","9","7",90.5,96.7,750.5,11.4,20.6,55,5.4,0,24.59,"fall",3,3.2422016501717,0,1,0,"large"
"388","5","5","3","4",90.9,18.9,30.6,8,11.6,48,5.4,0,0,"spring",1,0,0,0,0,"small"
"389","6","4","8","5",94.8,227,706.7,12,23.3,34,3.1,0,28.74,"summer",2,3.39249294103201,0,1,0,"large"
"390","7","4","8","5",94.8,227,706.7,12,23.3,34,3.1,0,0,"summer",2,0,0,1,0,"small"
"391","7","4","2","1",84.7,9.5,58.3,4.1,7.5,71,6.3,0,9.96,"winter",4,2.39425228151987,0,0,0,"large"
"392","8","6","9","5",91.1,91.3,738.1,7.2,20.7,46,2.7,0,30.18,"fall",3,3.43977686362963,0,1,0,"large"
"393","1","3","9","7",91,276.3,825.1,7.1,21.9,43,4,0,70.76,"fall",3,4.27332721775054,0,1,0,"large"
"394","2","4","3","2",93.4,15,25.6,11.4,15.2,19,7.6,0,0,"spring",1,0,0,0,0,"small"
"395","6","5","2","1",84.1,4.6,46.7,2.2,5.3,68,1.8,0,0,"winter",4,0,0,0,0,"small"
"396","4","5","2","7",85,9,56.9,3.5,10.1,62,1.8,0,51.78,"winter",4,3.96613233107518,0,0,0,"large"
"397","4","3","9","7",90.5,96.7,750.5,11.4,20.4,55,4.9,0,3.64,"fall",3,1.53471436623816,0,1,0,"large"
"398","5","6","8","7",91.6,181.3,613,7.6,24.3,33,3.6,0,3.63,"summer",2,1.53255686809814,0,1,1,"large"
"399","1","2","8","6",93.7,231.1,715.1,8.4,25.9,32,3.1,0,0,"summer",2,0,0,1,0,"small"
"400","9","5","6","3",93.3,49.5,297.7,14,28,34,4.5,0,0,"summer",2,0,0,0,0,"small"
"401","9","5","6","3",93.3,49.5,297.7,14,28,34,4.5,0,8.16,"summer",2,2.21484617868604,0,0,0,"large"
"402","3","4","9","4",91.1,88.2,731.7,8.3,22.8,46,4,0,4.95,"fall",3,1.78339121955754,0,1,0,"large"
"403","9","9","8","5",94.8,227,706.7,12,25,36,4,0,0,"summer",2,0,0,1,0,"small"
"404","8","6","8","4",90.7,194.1,643,6.8,21.3,41,3.6,0,0,"summer",2,0,0,1,0,"small"
"405","2","4","9","3",87.9,84.8,725.1,3.7,21.8,34,2.2,0,6.04,"fall",3,1.95160817016995,0,1,0,"large"
"406","2","2","8","2",94.6,212.1,680.9,9.5,27.9,27,2.2,0,0,"summer",2,0,0,1,0,"small"
"407","6","5","9","6",87.1,291.3,860.6,4,17,67,4.9,0,3.95,"fall",3,1.5993875765806,0,1,0,"large"
"408","4","5","2","6",84.7,8.2,55,2.9,14.2,46,4,0,0,"winter",4,0,0,0,0,"small"
"409","4","3","9","5",90.3,290,855.3,7.4,19.9,44,3.1,0,7.8,"fall",3,2.17475172148416,0,1,0,"large"
"410","1","4","7","2",92.3,96.2,450.2,12.1,23.4,31,5.4,0,0,"summer",2,0,0,1,0,"small"
"411","6","3","2","5",84.1,7.3,52.8,2.7,14.7,42,2.7,0,0,"winter",4,0,0,0,0,"small"
"412","7","4","2","5",84.6,3.2,43.6,3.3,8.2,53,9.4,0,4.62,"winter",4,1.7263316639056,0,0,0,"large"
"413","9","4","7","1",92.3,92.1,442.1,9.8,22.8,27,4.5,0,1.63,"summer",2,0.966983846189673,0,1,0,"large"
"414","7","5","8","6",93.7,231.1,715.1,8.4,26.4,33,3.6,0,0,"summer",2,0,0,1,0,"small"
"415","5","4","8","7",93.6,235.1,723.1,10.1,24.1,50,4,0,0,"summer",2,0,0,1,0,"small"
"416","8","6","8","4",94.8,222.4,698.6,13.9,27.5,27,4.9,0,746.28,"summer",2,6.61643994756459,0,1,0,"large"
"417","6","3","7","2",92.7,164.1,575.8,8.9,26.3,39,3.1,0,7.02,"summer",2,2.08193842187842,0,1,0,"large"
"418","6","5","3","3",93.4,17.3,28.3,9.9,13.8,24,5.8,0,0,"spring",1,0,0,0,0,"small"
"419","2","4","8","7",92,203.2,664.5,8.1,24.9,42,5.4,0,2.44,"summer",2,1.23547147138531,0,1,0,"large"
"420","2","5","8","7",91.6,181.3,613,7.6,24.8,36,4,0,3.05,"summer",2,1.39871688111845,0,1,0,"large"
"421","8","8","8","3",91.7,191.4,635.9,7.8,26.2,36,4.5,0,185.76,"summer",2,5.22982437010274,0,1,0,"large"
"422","2","4","8","3",95.2,217.7,690,18,30.8,19,4.5,0,0,"summer",2,0,0,1,0,"small"
"423","8","6","7","7",88.9,263.1,795.9,5.2,29.3,27,3.6,0,6.3,"summer",2,1.98787434815435,0,1,0,"large"
"424","1","3","9","6",91.2,94.3,744.4,8.4,22.3,48,4,0,0.72,"fall",3,0.542324290825362,0,1,0,"large"
"425","8","6","8","6",93.7,231.1,715.1,8.4,26.9,31,3.6,0,4.96,"summer",2,1.78507048107726,0,1,0,"large"
"426","2","2","8","4",91.6,248.4,753.8,6.3,20.4,56,2.2,0,0,"summer",2,0,0,1,0,"small"
"427","8","6","8","4",91.6,248.4,753.8,6.3,20.4,56,2.2,0,0,"summer",2,0,0,1,0,"small"
"428","2","4","8","1",92.1,207,672.6,8.2,27.9,33,2.2,0,2.35,"summer",2,1.20896034583698,0,1,0,"large"
"429","1","3","8","4",94.8,222.4,698.6,13.9,26.2,34,5.8,0,0,"summer",2,0,0,1,0,"small"
"430","3","4","8","7",91.6,181.3,613,7.6,24.6,44,4,0,3.2,"summer",2,1.43508452528932,0,1,0,"large"
"431","7","4","9","4",89.7,287.2,849.3,6.8,19.4,45,3.6,0,0,"fall",3,0,0,1,0,"small"
"432","1","3","8","6",92.1,178,605.3,9.6,23.3,40,4,0,6.36,"summer",2,1.99605993274078,0,1,0,"large"
"433","8","6","8","4",94.8,222.4,698.6,13.9,23.9,38,6.7,0,0,"summer",2,0,0,1,0,"small"
"434","2","4","8","7",93.6,235.1,723.1,10.1,20.9,66,4.9,0,15.34,"summer",2,2.79361608943186,0,1,0,"large"
"435","1","4","8","5",90.6,269.8,811.2,5.5,22.2,45,3.6,0,0,"summer",2,0,0,1,0,"small"
"436","2","5","7","6",90.8,84.7,376.6,5.6,23.8,51,1.8,0,0,"summer",2,0,0,1,0,"small"
"437","8","6","8","1",92.1,207,672.6,8.2,26.8,35,1.3,0,0.54,"summer",2,0.431782416425538,0,1,0,"large"
"438","8","6","8","6",89.4,253.6,768.4,9.7,14.2,73,2.7,0,0,"summer",2,0,0,1,0,"small"
"439","2","5","8","6",93.7,231.1,715.1,8.4,23.6,53,4,0,6.43,"summer",2,2.00552585872967,0,1,0,"large"
"440","1","3","9","5",91.1,91.3,738.1,7.2,19.1,46,2.2,0,0.33,"fall",3,0.285178942233662,0,1,0,"large"
"441","5","4","9","5",90.3,290,855.3,7.4,16.2,58,3.6,0,0,"fall",3,0,0,1,0,"small"
"442","8","6","8","1",92.1,207,672.6,8.2,25.5,29,1.8,0,1.23,"summer",2,0.802001585472027,0,1,0,"large"
"443","6","5","4","1",87.9,24.9,41.6,3.7,10.9,64,3.1,0,3.35,"spring",1,1.47017584510059,0,0,0,"large"
"444","1","2","7","5",90.7,80.9,368.3,16.8,14.8,78,8,0,0,"summer",2,0,0,1,0,"small"
"445","2","5","9","5",90.3,290,855.3,7.4,16.2,58,3.6,0,9.96,"fall",3,2.39425228151987,0,1,0,"large"
"446","5","5","8","7",94,47.9,100.7,10.7,17.3,80,4.5,0,0,"summer",2,0,0,1,0,"small"
"447","6","5","8","7",92,203.2,664.5,8.1,19.1,70,2.2,0,0,"summer",2,0,0,1,0,"small"
"448","3","4","3","3",93.4,17.3,28.3,9.9,8.9,35,8,0,0,"spring",1,0,0,0,0,"small"
"449","7","4","9","3",89.7,284.9,844,10.1,10.5,77,4,0,0,"fall",3,0,0,1,0,"small"
"450","7","4","8","7",91.6,181.3,613,7.6,19.3,61,4.9,0,0,"summer",2,0,0,1,0,"small"
"451","4","5","8","3",95.2,217.7,690,18,23.4,49,5.4,0,6.43,"summer",2,2.00552585872967,0,1,0,"large"
"452","1","4","8","5",90.5,196.8,649.9,16.3,11.8,88,4.9,0,9.71,"summer",2,2.37117788445966,0,1,0,"large"
"453","7","4","8","1",91.5,238.2,730.6,7.5,17.7,65,4,0,0,"summer",2,0,0,1,0,"small"
"454","4","5","8","4",89.4,266.2,803.3,5.6,17.4,54,3.1,0,0,"summer",2,0,0,1,0,"small"
"455","3","4","8","4",91.6,248.4,753.8,6.3,16.8,56,3.1,0,0,"summer",2,0,0,1,0,"small"
"456","3","4","7","1",94.6,160,567.2,16.7,17.9,48,2.7,0,0,"summer",2,0,0,1,0,"small"
"457","2","4","8","4",91.6,248.4,753.8,6.3,16.6,59,2.7,0,0,"summer",2,0,0,1,0,"small"
"458","1","4","8","3",91.7,191.4,635.9,7.8,19.9,50,4,0,82.75,"summer",2,4.42783617070518,0,1,0,"large"
"459","8","6","8","6",93.7,231.1,715.1,8.4,18.9,64,4.9,0,3.32,"summer",2,1.46325540225602,0,1,0,"large"
"460","7","4","8","6",91.6,273.8,819.1,7.7,15.5,72,8,0,1.94,"summer",2,1.07840958135059,0,1,0,"large"
"461","2","5","8","6",93.7,231.1,715.1,8.4,18.9,64,4.9,0,0,"summer",2,0,0,1,0,"small"
"462","8","6","8","6",93.7,231.1,715.1,8.4,18.9,64,4.9,0,0,"summer",2,0,0,1,0,"small"
"463","1","4","9","7",91,276.3,825.1,7.1,14.5,76,7.6,0,3.71,"fall",3,1.54968790802833,0,1,0,"large"
"464","6","5","2","2",75.1,4.4,16.2,1.9,4.6,82,6.3,0,5.39,"winter",4,1.85473426838944,0,0,0,"large"
"465","6","4","2","2",75.1,4.4,16.2,1.9,5.1,77,5.4,0,2.14,"winter",4,1.14422279992016,0,0,0,"large"
"466","2","2","2","6",79.5,3.6,15.3,1.8,4.6,59,0.9,0,6.84,"winter",4,2.05923883436232,0,0,0,"large"
"467","6","5","3","1",87.2,15.1,36.9,7.1,10.2,45,5.8,0,3.18,"spring",1,1.43031124653666,0,0,0,"large"
"468","3","4","3","3",90.2,18.5,41.1,7.3,11.2,41,5.4,0,5.55,"spring",1,1.87946504964716,0,0,0,"large"
"469","6","5","3","4",91.3,20.6,43.5,8.5,13.3,27,3.6,0,6.61,"spring",1,2.02946317187359,0,0,0,"large"
"470","6","3","4","7",91,14.6,25.6,12.3,13.7,33,9.4,0,61.13,"spring",1,4.1292289640756,0,0,0,"large"
"471","5","4","4","7",91,14.6,25.6,12.3,17.6,27,5.8,0,0,"spring",1,0,0,0,0,"small"
"472","4","3","5","5",89.6,25.4,73.7,5.7,18,40,4,0,38.48,"spring",1,3.67579421456528,0,0,0,"large"
"473","8","3","6","1",88.2,96.2,229,4.7,14.3,79,4,0,1.94,"summer",2,1.07840958135059,0,0,0,"large"
"474","9","4","6","6",90.5,61.1,252.6,9.4,24.5,50,3.1,0,70.32,"summer",2,4.26717679299494,0,0,0,"large"
"475","4","3","6","4",93,103.8,316.7,10.8,26.4,35,2.7,0,10.08,"summer",2,2.40514168131914,0,0,0,"large"
"476","2","5","6","4",93.7,121.7,350.2,18,22.7,40,9.4,0,3.19,"summer",2,1.43270073393405,0,0,0,"large"
"477","4","3","7","4",93.5,85.3,395,9.9,27.2,28,1.3,0,1.76,"summer",2,1.01523067972906,0,1,0,"large"
"478","4","3","7","7",93.7,101.3,423.4,14.7,26.1,45,4,0,7.36,"summer",2,2.12345842709661,0,1,0,"large"
"479","7","4","7","7",93.7,101.3,423.4,14.7,18.2,82,4.5,0,2.21,"summer",2,1.16627093714192,0,1,0,"large"
"480","7","4","7","1",89.2,103.9,431.6,6.4,22.6,57,4.9,0,278.53,"summer",2,5.63310962136115,0,1,0,"large"
"481","9","9","7","4",93.2,114.4,560,9.5,30.2,25,4.5,0,2.75,"summer",2,1.32175583998232,0,1,0,"large"
"482","4","3","7","4",93.2,114.4,560,9.5,30.2,22,4.9,0,0,"summer",2,0,0,1,0,"small"
"483","3","4","8","7",94.9,130.3,587.1,14.1,23.4,40,5.8,0,1.29,"summer",2,0.828551817566148,0,1,0,"large"
"484","8","6","8","7",94.9,130.3,587.1,14.1,31,27,5.4,0,0,"summer",2,0,0,1,0,"small"
"485","2","5","8","7",94.9,130.3,587.1,14.1,33.1,25,4,0,26.43,"summer",2,3.31163730494951,0,1,0,"large"
"486","2","4","8","1",95,135.5,596.3,21.3,30.6,28,3.6,0,2.07,"summer",2,1.12167756159911,0,1,0,"large"
"487","5","4","8","2",95.1,141.3,605.8,17.7,24.1,43,6.3,0,2,"summer",2,1.09861228866811,0,1,0,"large"
"488","5","4","8","2",95.1,141.3,605.8,17.7,26.4,34,3.6,0,16.4,"summer",2,2.85647020622048,0,1,0,"large"
"489","4","4","8","2",95.1,141.3,605.8,17.7,19.4,71,7.6,0,46.7,"summer",2,3.8649313978943,0,1,0,"large"
"490","4","4","8","3",95.1,141.3,605.8,17.7,20.6,58,1.3,0,0,"summer",2,0,0,1,0,"small"
"491","4","4","8","3",95.1,141.3,605.8,17.7,28.7,33,4,0,0,"summer",2,0,0,1,0,"small"
"492","4","4","8","4",95.8,152,624.1,13.8,32.4,21,4.5,0,0,"summer",2,0,0,1,0,"small"
"493","1","3","8","5",95.9,158,633.6,11.3,32.4,27,2.2,0,0,"summer",2,0,0,1,0,"small"
"494","1","3","8","5",95.9,158,633.6,11.3,27.5,29,4.5,0,43.32,"summer",2,3.79143604243903,0,1,0,"large"
"495","6","6","8","6",96,164,643,14,30.8,30,4.9,0,8.59,"summer",2,2.26072088889535,0,1,0,"large"
"496","6","6","8","1",96.2,175.5,661.8,16.8,23.9,42,2.2,0,0,"summer",2,0,0,1,0,"small"
"497","4","5","8","1",96.2,175.5,661.8,16.8,32.6,26,3.1,0,2.77,"summer",2,1.32707500145992,0,1,0,"large"
"498","3","4","8","2",96.1,181.1,671.2,14.3,32.3,27,2.2,0,14.68,"summer",2,2.75238601492226,0,1,0,"large"
"499","6","5","8","2",96.1,181.1,671.2,14.3,33.3,26,2.7,0,40.54,"summer",2,3.72665681844797,0,1,0,"large"
"500","7","5","8","2",96.1,181.1,671.2,14.3,27.3,63,4.9,6.4,10.82,"summer",2,2.46979301197795,1,1,0,"large"
"501","8","6","8","2",96.1,181.1,671.2,14.3,21.6,65,4.9,0.8,0,"summer",2,0,1,1,0,"small"
"502","7","5","8","2",96.1,181.1,671.2,14.3,21.6,65,4.9,0.8,0,"summer",2,0,1,1,0,"small"
"503","4","4","8","2",96.1,181.1,671.2,14.3,20.7,69,4.9,0.4,0,"summer",2,0,1,1,0,"small"
"504","2","4","8","3",94.5,139.4,689.1,20,29.2,30,4.9,0,1.95,"summer",2,1.08180517035173,0,1,0,"large"
"505","4","3","8","3",94.5,139.4,689.1,20,28.9,29,4.9,0,49.59,"summer",2,3.92375392830384,0,1,0,"large"
"506","1","2","8","4",91,163.2,744.4,10.1,26.7,35,1.8,0,5.8,"summer",2,1.91692261218206,0,1,0,"large"
"507","1","2","8","5",91,166.9,752.6,7.1,18.5,73,8.5,0,0,"summer",2,0,0,1,0,"small"
"508","2","4","8","5",91,166.9,752.6,7.1,25.9,41,3.6,0,0,"summer",2,0,0,1,0,"small"
"509","1","2","8","5",91,166.9,752.6,7.1,25.9,41,3.6,0,0,"summer",2,0,0,1,0,"small"
"510","5","4","8","5",91,166.9,752.6,7.1,21.1,71,7.6,1.4,2.17,"summer",2,1.15373158788919,1,1,0,"large"
"511","6","5","8","5",91,166.9,752.6,7.1,18.2,62,5.4,0,0.43,"summer",2,0.357674444271816,0,1,0,"large"
"512","8","6","8","7",81.6,56.7,665.6,1.9,27.8,35,2.7,0,0,"summer",2,0,0,1,0,"small"
"513","4","3","8","7",81.6,56.7,665.6,1.9,27.8,32,2.7,0,6.44,"summer",2,2.006870848845,0,1,0,"large"
"514","2","4","8","7",81.6,56.7,665.6,1.9,21.9,71,5.8,0,54.29,"summer",2,4.01259206034984,0,1,0,"large"
"515","7","4","8","7",81.6,56.7,665.6,1.9,21.2,70,6.7,0,11.16,"summer",2,2.49815187653802,0,1,0,"large"
"516","1","4","8","6",94.4,146,614.7,11.3,25.6,42,4,0,0,"summer",2,0,0,1,0,"small"
"517","6","3","11","2",79.5,3,106.7,1.1,11.8,31,4.5,0,0,"fall",3,0,0,0,0,"small"
